DELETE FROM `creature` WHERE `guid`=210120001;
INSERT INTO `creature` (`guid`, `id`, `map`, `zoneId`, `areaId`, `spawnMask`, `phaseUseFlags`, `PhaseId`, `PhaseGroup`, `terrainSwapMap`, `modelid`, `equipment_id`, `position_x`, `position_y`, `position_z`, `orientation`, `spawntimesecs`, `spawndist`, `currentwaypoint`, `curhealth`, `curmana`, `MovementType`, `npcflag`, `unit_flags`, `unit_flags2`, `unit_flags3`, `dynamicflags`, `ScriptName`, `VerifiedBuild`) VALUES (210120001, 64491, 870, 0, 0, 1, 0, 0, 0, -1, 0, 0, 762.757, -1880.39, 61.6085, 6.27687, 300, 0, 0, 18387, 0, 0, 0, 0, 0, 0, 0, '', 0);
DELETE FROM `creature` WHERE `guid`=210120002;
INSERT INTO `creature` (`guid`, `id`, `map`, `zoneId`, `areaId`, `spawnMask`, `phaseUseFlags`, `PhaseId`, `PhaseGroup`, `terrainSwapMap`, `modelid`, `equipment_id`, `position_x`, `position_y`, `position_z`, `orientation`, `spawntimesecs`, `spawndist`, `currentwaypoint`, `curhealth`, `curmana`, `MovementType`, `npcflag`, `unit_flags`, `unit_flags2`, `unit_flags3`, `dynamicflags`, `ScriptName`, `VerifiedBuild`) VALUES (210120002, 64493, 870, 0, 0, 1, 0, 0, 0, -1, 0, 0, 779.958, -1789.53, 56.5243, 0.660485, 300, 0, 0, 18387, 0, 0, 0, 0, 0, 0, 0, '', 0);
DELETE FROM `creature` WHERE `guid`=210120003;
INSERT INTO `creature` (`guid`, `id`, `map`, `zoneId`, `areaId`, `spawnMask`, `phaseUseFlags`, `PhaseId`, `PhaseGroup`, `terrainSwapMap`, `modelid`, `equipment_id`, `position_x`, `position_y`, `position_z`, `orientation`, `spawntimesecs`, `spawndist`, `currentwaypoint`, `curhealth`, `curmana`, `MovementType`, `npcflag`, `unit_flags`, `unit_flags2`, `unit_flags3`, `dynamicflags`, `ScriptName`, `VerifiedBuild`) VALUES (210120003, 64494, 870, 0, 0, 1, 0, 0, 0, -1, 0, 0, 898.725, -1876.75, 60.5162, 1.21655, 300, 0, 0, 18387, 0, 0, 0, 0, 0, 0, 0, '', 0);
DELETE FROM `smart_scripts` WHERE `entryorguid`=64491 AND `source_type`=0 AND `id`=0 AND `link`=0;
INSERT INTO `smart_scripts` (`entryorguid`, `source_type`, `id`, `link`, `event_type`, `event_phase_mask`, `event_chance`, `event_flags`, `event_param1`, `event_param2`, `event_param3`, `event_param4`, `action_type`, `action_param1`, `action_param2`, `action_param3`, `action_param4`, `action_param5`, `action_param6`, `target_type`, `target_param1`, `target_param2`, `target_param3`, `target_x`, `target_y`, `target_z`, `target_o`, `comment`, `event_param_string`) VALUES (64491, 0, 0, 0, 64, 0, 100, 0, 2, 0, 0, 0, 33, 64491, 0, 0, 0, 0, 0, 18, 20, 0, 0, 0, 0, 0, 0, 'Credit', NULL);
DELETE FROM `creature_template_addon` WHERE `entry`=64491;
INSERT INTO `creature_template_addon` (`entry`, `path_id`, `mount`, `bytes1`, `bytes2`, `emote`, `auras`) VALUES (64491, 0, 0, 65543, 1, 0, '0');
DELETE FROM `creature_template` WHERE `entry`=64491;
INSERT INTO `creature_template` (`entry`, `gossip_menu_id`, `minlevel`, `maxlevel`, `SandboxScalingID`, `ScaleLevelMin`, `ScaleLevelMax`, `ScaleLevelDelta`, `ScaleLevelDuration`, `exp`, `faction`, `npcflag`, `npcflag2`, `speed_walk`, `speed_run`, `speed_fly`, `scale`, `mindmg`, `maxdmg`, `dmgschool`, `attackpower`, `dmg_multiplier`, `baseattacktime`, `rangeattacktime`, `unit_class`, `unit_flags`, `unit_flags2`, `unit_flags3`, `dynamicflags`, `trainer_type`, `trainer_spell`, `trainer_class`, `trainer_race`, `minrangedmg`, `maxrangedmg`, `rangedattackpower`, `lootid`, `pickpocketloot`, `skinloot`, `resistance1`, `resistance2`, `resistance3`, `resistance4`, `resistance5`, `resistance6`, `spell1`, `spell2`, `spell3`, `spell4`, `spell5`, `spell6`, `spell7`, `spell8`, `PetSpellDataId`, `VehicleId`, `mingold`, `maxgold`, `AIName`, `MovementType`, `InhabitType`, `HoverHeight`, `Mana_mod_extra`, `Armor_mod`, `RegenHealth`, `mechanic_immune_mask`, `flags_extra`, `ControllerID`, `WorldEffects`, `PassiveSpells`, `StateWorldEffectID`, `SpellStateVisualID`, `SpellStateAnimID`, `SpellStateAnimKitID`, `IgnoreLos`, `AffixState`, `MaxVisible`, `ScriptName`) VALUES (64491, 0, 85, 85, 0, 0, 0, 0, 0, 4, 1802, 3, 0, 1, 1.14286, 1.14286, 1, 1168, 1752, 0, 0, 1, 2000, 2000, 1, 0, 0, 0, 0, 0, 0, 0, 0, 0, 0, 0, 0, 0, 0, 0, 0, 0, 0, 0, 0, 0, 0, 0, 0, 0, 0, 0, 0, 0, 0, 0, 0, 'SmartAI', 0, 3, 1, 1, 1, 1, 0, 0, 0, '', '', 0, 0, 0, 0, 0, 0, 0, '');
DELETE FROM `creature_template` WHERE `entry`=64493;
INSERT INTO `creature_template` (`entry`, `gossip_menu_id`, `minlevel`, `maxlevel`, `SandboxScalingID`, `ScaleLevelMin`, `ScaleLevelMax`, `ScaleLevelDelta`, `ScaleLevelDuration`, `exp`, `faction`, `npcflag`, `npcflag2`, `speed_walk`, `speed_run`, `speed_fly`, `scale`, `mindmg`, `maxdmg`, `dmgschool`, `attackpower`, `dmg_multiplier`, `baseattacktime`, `rangeattacktime`, `unit_class`, `unit_flags`, `unit_flags2`, `unit_flags3`, `dynamicflags`, `trainer_type`, `trainer_spell`, `trainer_class`, `trainer_race`, `minrangedmg`, `maxrangedmg`, `rangedattackpower`, `lootid`, `pickpocketloot`, `skinloot`, `resistance1`, `resistance2`, `resistance3`, `resistance4`, `resistance5`, `resistance6`, `spell1`, `spell2`, `spell3`, `spell4`, `spell5`, `spell6`, `spell7`, `spell8`, `PetSpellDataId`, `VehicleId`, `mingold`, `maxgold`, `AIName`, `MovementType`, `InhabitType`, `HoverHeight`, `Mana_mod_extra`, `Armor_mod`, `RegenHealth`, `mechanic_immune_mask`, `flags_extra`, `ControllerID`, `WorldEffects`, `PassiveSpells`, `StateWorldEffectID`, `SpellStateVisualID`, `SpellStateAnimID`, `SpellStateAnimKitID`, `IgnoreLos`, `AffixState`, `MaxVisible`, `ScriptName`) VALUES (64493, 0, 85, 85, 0, 0, 0, 0, 0, 4, 1802, 3, 0, 1, 1.14286, 1.14286, 1, 1168, 1752, 0, 0, 1, 2000, 2000, 1, 0, 0, 0, 0, 0, 0, 0, 0, 0, 0, 0, 0, 0, 0, 0, 0, 0, 0, 0, 0, 0, 0, 0, 0, 0, 0, 0, 0, 0, 0, 0, 0, 'SmartAI', 0, 3, 1, 1, 1, 1, 0, 0, 0, '', '', 0, 0, 0, 0, 0, 0, 0, '');
DELETE FROM `creature_template_addon` WHERE `entry`=64493;
INSERT INTO `creature_template_addon` (`entry`, `path_id`, `mount`, `bytes1`, `bytes2`, `emote`, `auras`) VALUES (64493, 0, 0, 65543, 1, 0, '0');
DELETE FROM `smart_scripts` WHERE `entryorguid`=64493 AND `source_type`=0 AND `id`=0 AND `link`=0;
INSERT INTO `smart_scripts` (`entryorguid`, `source_type`, `id`, `link`, `event_type`, `event_phase_mask`, `event_chance`, `event_flags`, `event_param1`, `event_param2`, `event_param3`, `event_param4`, `action_type`, `action_param1`, `action_param2`, `action_param3`, `action_param4`, `action_param5`, `action_param6`, `target_type`, `target_param1`, `target_param2`, `target_param3`, `target_x`, `target_y`, `target_z`, `target_o`, `comment`, `event_param_string`) VALUES (64493, 0, 0, 0, 64, 0, 100, 0, 2, 0, 0, 0, 33, 64493, 0, 0, 0, 0, 0, 18, 20, 0, 0, 0, 0, 0, 0, 'Quest Credit', NULL);
DELETE FROM `creature_template` WHERE `entry`=64494;
INSERT INTO `creature_template` (`entry`, `gossip_menu_id`, `minlevel`, `maxlevel`, `SandboxScalingID`, `ScaleLevelMin`, `ScaleLevelMax`, `ScaleLevelDelta`, `ScaleLevelDuration`, `exp`, `faction`, `npcflag`, `npcflag2`, `speed_walk`, `speed_run`, `speed_fly`, `scale`, `mindmg`, `maxdmg`, `dmgschool`, `attackpower`, `dmg_multiplier`, `baseattacktime`, `rangeattacktime`, `unit_class`, `unit_flags`, `unit_flags2`, `unit_flags3`, `dynamicflags`, `trainer_type`, `trainer_spell`, `trainer_class`, `trainer_race`, `minrangedmg`, `maxrangedmg`, `rangedattackpower`, `lootid`, `pickpocketloot`, `skinloot`, `resistance1`, `resistance2`, `resistance3`, `resistance4`, `resistance5`, `resistance6`, `spell1`, `spell2`, `spell3`, `spell4`, `spell5`, `spell6`, `spell7`, `spell8`, `PetSpellDataId`, `VehicleId`, `mingold`, `maxgold`, `AIName`, `MovementType`, `InhabitType`, `HoverHeight`, `Mana_mod_extra`, `Armor_mod`, `RegenHealth`, `mechanic_immune_mask`, `flags_extra`, `ControllerID`, `WorldEffects`, `PassiveSpells`, `StateWorldEffectID`, `SpellStateVisualID`, `SpellStateAnimID`, `SpellStateAnimKitID`, `IgnoreLos`, `AffixState`, `MaxVisible`, `ScriptName`) VALUES (64494, 0, 85, 85, 0, 0, 0, 0, 0, 4, 1802, 3, 0, 1, 1.14286, 1.14286, 1, 1168, 1752, 0, 0, 1, 2000, 2000, 1, 0, 0, 0, 0, 0, 0, 0, 0, 0, 0, 0, 0, 0, 0, 0, 0, 0, 0, 0, 0, 0, 0, 0, 0, 0, 0, 0, 0, 0, 0, 0, 0, 'SmartAI', 0, 3, 1, 1, 1, 1, 0, 0, 0, '', '', 0, 0, 0, 0, 0, 0, 0, '');
DELETE FROM `creature_template_addon` WHERE `entry`=64494;
INSERT INTO `creature_template_addon` (`entry`, `path_id`, `mount`, `bytes1`, `bytes2`, `emote`, `auras`) VALUES (64494, 0, 0, 65536, 1, 0, '0');
DELETE FROM `smart_scripts` WHERE `entryorguid`=64494 AND `source_type`=0 AND `id`=0 AND `link`=0;
INSERT INTO `smart_scripts` (`entryorguid`, `source_type`, `id`, `link`, `event_type`, `event_phase_mask`, `event_chance`, `event_flags`, `event_param1`, `event_param2`, `event_param3`, `event_param4`, `action_type`, `action_param1`, `action_param2`, `action_param3`, `action_param4`, `action_param5`, `action_param6`, `target_type`, `target_param1`, `target_param2`, `target_param3`, `target_x`, `target_y`, `target_z`, `target_o`, `comment`, `event_param_string`) VALUES (64494, 0, 0, 0, 64, 0, 100, 0, 2, 0, 0, 0, 33, 64494, 0, 0, 0, 0, 0, 18, 20, 0, 0, 0, 0, 0, 0, 'Quest Credit', NULL);
