DELETE FROM `smart_scripts` WHERE `entryorguid`=55333 AND `source_type`=0 AND `id`=0 AND `link`=0;
INSERT INTO `smart_scripts` (`entryorguid`, `source_type`, `id`, `link`, `event_type`, `event_phase_mask`, `event_chance`, `event_flags`, `event_param1`, `event_param2`, `event_param3`, `event_param4`, `event_param_string`, `action_type`, `action_param1`, `action_param2`, `action_param3`, `action_param4`, `action_param5`, `action_param6`, `target_type`, `target_param1`, `target_param2`, `target_param3`, `target_x`, `target_y`, `target_z`, `target_o`, `comment`) VALUES (55333, 0, 0, 0, 62, 0, 100, 0, 55333, 0, 0, 0, '', 33, 67152, 0, 0, 0, 0, 0, 7, 0, 0, 0, 0, 0, 0, 0, 'Orgus - On Gossip - Kill Credit');
DELETE FROM `creature` WHERE `guid`=10538296;
INSERT INTO `creature` (`guid`, `id`, `map`, `zoneId`, `areaId`, `spawnMask`, `phaseMask`, `PhaseId`, `modelid`, `equipment_id`, `position_x`, `position_y`, `position_z`, `orientation`, `spawntimesecs`, `spawndist`, `currentwaypoint`, `curhealth`, `curmana`, `MovementType`, `npcflag`, `npcflag2`, `unit_flags`, `dynamicflags`, `ScriptName`, `AiID`, `MovementID`, `MeleeID`, `isActive`, `skipClone`, `personal_size`, `isTeemingSpawn`, `unit_flags3`, `WpID`, `BoxID`, `protec_anti_doublet`) VALUES (10538296, 55333, 870, 5785, 5935, 1, 1, '0', 0, 0, -156.278, -2666.54, 1.33186, 5.64609, 120, 0, 0, 1, 0, 0, 3, 0, 0, 0, '', 0, 0, 0, 0, 0, 0, 0, 0, NULL, NULL, NULL);
DELETE FROM `creature` WHERE `guid`=10538231;
INSERT INTO `creature` (`guid`, `id`, `map`, `zoneId`, `areaId`, `spawnMask`, `PhaseId`, `modelid`, `equipment_id`, `position_x`, `position_y`, `position_z`, `orientation`, `spawntimesecs`, `spawndist`, `currentwaypoint`, `curhealth`, `curmana`, `MovementType`, `npcflag`, `unit_flags`, `unit_flags3`, `dynamicflags`, `ScriptName`) VALUES (10538231, 55282, 870, 5785, 5935, 1, 0, 0, 0, -157.474, -2659.67, 1.16663, 3.41637, 120, 0, 0, 1, 0, 0, 3, 0, 0, 0, '');
DELETE FROM `smart_scripts` WHERE `entryorguid`=55282 AND `source_type`=0 AND `id`=0 AND `link`=0;
INSERT INTO `smart_scripts` (`entryorguid`, `source_type`, `id`, `link`, `event_type`, `event_phase_mask`, `event_chance`, `event_flags`, `event_param1`, `event_param2`, `event_param3`, `event_param4`, `action_type`, `action_param1`, `action_param2`, `action_param3`, `action_param4`, `action_param5`, `action_param6`, `target_type`, `target_param1`, `target_param2`, `target_param3`, `target_x`, `target_y`, `target_z`, `target_o`, `comment`, `event_param_string`) VALUES (55282, 0, 0, 0, 62, 0, 100, 0, 55282, 0, 0, 0, 33, 55349, 0, 0, 0, 0, 0, 18, 20, 0, 0, 0, 0, 0, 0, '1.Credit', '');
DELETE FROM `smart_scripts` WHERE `entryorguid`=55282 AND `source_type`=0 AND `id`=1 AND `link`=0;
INSERT INTO `smart_scripts` (`entryorguid`, `source_type`, `id`, `link`, `event_type`, `event_phase_mask`, `event_chance`, `event_flags`, `event_param1`, `event_param2`, `event_param3`, `event_param4`, `action_type`, `action_param1`, `action_param2`, `action_param3`, `action_param4`, `action_param5`, `action_param6`, `target_type`, `target_param1`, `target_param2`, `target_param3`, `target_x`, `target_y`, `target_z`, `target_o`, `comment`, `event_param_string`) VALUES (55282, 0, 1, 0, 62, 0, 100, 0, 55282, 0, 0, 0, 33, 55350, 0, 0, 0, 0, 0, 18, 20, 0, 0, 0, 0, 0, 0, '2.Credit', NULL);
DELETE FROM `smart_scripts` WHERE `entryorguid`=55282 AND `source_type`=0 AND `id`=2 AND `link`=0;
INSERT INTO `smart_scripts` (`entryorguid`, `source_type`, `id`, `link`, `event_type`, `event_phase_mask`, `event_chance`, `event_flags`, `event_param1`, `event_param2`, `event_param3`, `event_param4`, `action_type`, `action_param1`, `action_param2`, `action_param3`, `action_param4`, `action_param5`, `action_param6`, `target_type`, `target_param1`, `target_param2`, `target_param3`, `target_x`, `target_y`, `target_z`, `target_o`, `comment`, `event_param_string`) VALUES (55282, 0, 2, 0, 62, 0, 100, 0, 55282, 0, 0, 0, 33, 55351, 0, 0, 0, 0, 0, 18, 20, 0, 0, 0, 0, 0, 0, '3.Credit', NULL);
DELETE FROM `smart_scripts` WHERE `entryorguid`=55282 AND `source_type`=0 AND `id`=3 AND `link`=0;
INSERT INTO `smart_scripts` (`entryorguid`, `source_type`, `id`, `link`, `event_type`, `event_phase_mask`, `event_chance`, `event_flags`, `event_param1`, `event_param2`, `event_param3`, `event_param4`, `action_type`, `action_param1`, `action_param2`, `action_param3`, `action_param4`, `action_param5`, `action_param6`, `target_type`, `target_param1`, `target_param2`, `target_param3`, `target_x`, `target_y`, `target_z`, `target_o`, `comment`, `event_param_string`) VALUES (55282, 0, 3, 0, 62, 0, 100, 0, 55282, 0, 0, 0, 33, 55352, 0, 0, 0, 0, 0, 18, 20, 0, 0, 0, 0, 0, 0, 'Final Credit', NULL);
DELETE FROM `creature_template` WHERE `entry`=55282;
INSERT INTO `creature_template` (`entry`, `gossip_menu_id`, `minlevel`, `maxlevel`, `SandboxScalingID`, `ScaleLevelMin`, `ScaleLevelMax`, `ScaleLevelDelta`, `ScaleLevelDuration`, `exp`, `faction`, `npcflag`, `npcflag2`, `speed_walk`, `speed_run`, `speed_fly`, `scale`, `mindmg`, `maxdmg`, `dmgschool`, `attackpower`, `dmg_multiplier`, `baseattacktime`, `rangeattacktime`, `unit_class`, `unit_flags`, `unit_flags2`, `unit_flags3`, `dynamicflags`, `trainer_type`, `trainer_spell`, `trainer_class`, `trainer_race`, `minrangedmg`, `maxrangedmg`, `rangedattackpower`, `lootid`, `pickpocketloot`, `skinloot`, `resistance1`, `resistance2`, `resistance3`, `resistance4`, `resistance5`, `resistance6`, `spell1`, `spell2`, `spell3`, `spell4`, `spell5`, `spell6`, `spell7`, `spell8`, `PetSpellDataId`, `VehicleId`, `mingold`, `maxgold`, `AIName`, `MovementType`, `InhabitType`, `HoverHeight`, `Mana_mod_extra`, `Armor_mod`, `RegenHealth`, `mechanic_immune_mask`, `flags_extra`, `ControllerID`, `WorldEffects`, `PassiveSpells`, `StateWorldEffectID`, `SpellStateVisualID`, `SpellStateAnimID`, `SpellStateAnimKitID`, `IgnoreLos`, `AffixState`, `MaxVisible`, `ScriptName`) VALUES (55282, 55282, 85, 85, 0, 0, 0, 0, 0, 4, 1733, 3, 0, 1, 1.14286, 1.14286, 1, 500, 750, 0, 188, 1, 2000, 2000, 1, 32768, 34816, 0, 0, 0, 0, 0, 0, 400, 600, 150, 0, 0, 0, 0, 0, 0, 0, 0, 0, 0, 0, 0, 0, 0, 0, 0, 0, 0, 0, 0, 0, 'SmartAI', 0, 3, 1, 1, 1, 1, 0, 0, 0, '', '', 0, 0, 0, 0, 0, 0, 0, '');
DELETE FROM `creature` WHERE `guid`=10538233;
INSERT INTO `creature` (`guid`, `id`, `map`, `zoneId`, `areaId`, `spawnMask`, `PhaseId`, `modelid`, `equipment_id`, `position_x`, `position_y`, `position_z`, `orientation`, `spawntimesecs`, `spawndist`, `currentwaypoint`, `curhealth`, `curmana`, `MovementType`, `npcflag`, `unit_flags`, `unit_flags3`, `dynamicflags`, `ScriptName`) VALUES (10538233, 55284, 870, 5785, 5935, 1, 0, 0, 0, -159.253, -2672.84, 1.14168, 1.53406, 120, 0, 0, 1, 0, 0, 3, 0, 0, 0, '');
DELETE FROM `creature_template` WHERE `entry`=55284;
INSERT INTO `creature_template` (`entry`, `gossip_menu_id`, `minlevel`, `maxlevel`, `SandboxScalingID`, `ScaleLevelMin`, `ScaleLevelMax`, `ScaleLevelDelta`, `ScaleLevelDuration`, `exp`, `faction`, `npcflag`, `npcflag2`, `speed_walk`, `speed_run`, `speed_fly`, `scale`, `mindmg`, `maxdmg`, `dmgschool`, `attackpower`, `dmg_multiplier`, `baseattacktime`, `rangeattacktime`, `unit_class`, `unit_flags`, `unit_flags2`, `unit_flags3`, `dynamicflags`, `trainer_type`, `trainer_spell`, `trainer_class`, `trainer_race`, `minrangedmg`, `maxrangedmg`, `rangedattackpower`, `lootid`, `pickpocketloot`, `skinloot`, `resistance1`, `resistance2`, `resistance3`, `resistance4`, `resistance5`, `resistance6`, `spell1`, `spell2`, `spell3`, `spell4`, `spell5`, `spell6`, `spell7`, `spell8`, `PetSpellDataId`, `VehicleId`, `mingold`, `maxgold`, `AIName`, `MovementType`, `InhabitType`, `HoverHeight`, `Mana_mod_extra`, `Armor_mod`, `RegenHealth`, `mechanic_immune_mask`, `flags_extra`, `ControllerID`, `WorldEffects`, `PassiveSpells`, `StateWorldEffectID`, `SpellStateVisualID`, `SpellStateAnimID`, `SpellStateAnimKitID`, `IgnoreLos`, `AffixState`, `MaxVisible`, `ScriptName`) VALUES (55284, 55284, 85, 85, 0, 0, 0, 0, 0, 4, 35, 3, 0, 1, 0.992063, 1.14286, 1, 500, 750, 0, 188, 1, 2000, 2000, 1, 32768, 2048, 0, 0, 0, 0, 0, 0, 400, 600, 150, 0, 0, 0, 0, 0, 0, 0, 0, 0, 0, 0, 0, 0, 0, 0, 0, 0, 0, 0, 0, 0, 'SmartAI', 0, 3, 1, 1, 1, 1, 0, 0, 0, '', '', 0, 0, 0, 0, 0, 0, 0, '');
DELETE FROM `smart_scripts` WHERE `entryorguid`=55284 AND `source_type`=0 AND `id`=0 AND `link`=0;
INSERT INTO `smart_scripts` (`entryorguid`, `source_type`, `id`, `link`, `event_type`, `event_phase_mask`, `event_chance`, `event_flags`, `event_param1`, `event_param2`, `event_param3`, `event_param4`, `action_type`, `action_param1`, `action_param2`, `action_param3`, `action_param4`, `action_param5`, `action_param6`, `target_type`, `target_param1`, `target_param2`, `target_param3`, `target_x`, `target_y`, `target_z`, `target_o`, `comment`, `event_param_string`) VALUES (55284, 0, 0, 0, 62, 0, 100, 0, 55284, 0, 0, 0, 33, 55378, 0, 0, 0, 0, 0, 18, 20, 0, 0, 0, 0, 0, 0, '1.Credit', NULL);
DELETE FROM `smart_scripts` WHERE `entryorguid`=55284 AND `source_type`=0 AND `id`=1 AND `link`=0;
INSERT INTO `smart_scripts` (`entryorguid`, `source_type`, `id`, `link`, `event_type`, `event_phase_mask`, `event_chance`, `event_flags`, `event_param1`, `event_param2`, `event_param3`, `event_param4`, `action_type`, `action_param1`, `action_param2`, `action_param3`, `action_param4`, `action_param5`, `action_param6`, `target_type`, `target_param1`, `target_param2`, `target_param3`, `target_x`, `target_y`, `target_z`, `target_o`, `comment`, `event_param_string`) VALUES (55284, 0, 1, 0, 62, 0, 100, 0, 55284, 0, 0, 0, 33, 209615, 0, 0, 0, 0, 0, 18, 20, 0, 0, 0, 0, 0, 0, '2.Credit', NULL);
DELETE FROM `smart_scripts` WHERE `entryorguid`=55284 AND `source_type`=0 AND `id`=2 AND `link`=0;
INSERT INTO `smart_scripts` (`entryorguid`, `source_type`, `id`, `link`, `event_type`, `event_phase_mask`, `event_chance`, `event_flags`, `event_param1`, `event_param2`, `event_param3`, `event_param4`, `action_type`, `action_param1`, `action_param2`, `action_param3`, `action_param4`, `action_param5`, `action_param6`, `target_type`, `target_param1`, `target_param2`, `target_param3`, `target_x`, `target_y`, `target_z`, `target_o`, `comment`, `event_param_string`) VALUES (55284, 0, 2, 0, 62, 0, 100, 0, 55284, 0, 0, 0, 33, 55380, 0, 0, 0, 0, 0, 18, 20, 0, 0, 0, 0, 0, 0, '3.Credit', NULL);
DELETE FROM `smart_scripts` WHERE `entryorguid`=55284 AND `source_type`=0 AND `id`=3 AND `link`=0;
INSERT INTO `smart_scripts` (`entryorguid`, `source_type`, `id`, `link`, `event_type`, `event_phase_mask`, `event_chance`, `event_flags`, `event_param1`, `event_param2`, `event_param3`, `event_param4`, `action_type`, `action_param1`, `action_param2`, `action_param3`, `action_param4`, `action_param5`, `action_param6`, `target_type`, `target_param1`, `target_param2`, `target_param3`, `target_x`, `target_y`, `target_z`, `target_o`, `comment`, `event_param_string`) VALUES (55284, 0, 3, 0, 62, 0, 100, 0, 55284, 0, 0, 0, 33, 55381, 0, 0, 0, 0, 0, 18, 20, 0, 0, 0, 0, 0, 0, '4.Credit', NULL);
DELETE FROM `creature` WHERE `guid`=10538232;
INSERT INTO `creature` (`guid`, `id`, `map`, `zoneId`, `areaId`, `spawnMask`, `PhaseId`, `modelid`, `equipment_id`, `position_x`, `position_y`, `position_z`, `orientation`, `spawntimesecs`, `spawndist`, `currentwaypoint`, `curhealth`, `curmana`, `MovementType`, `npcflag`, `unit_flags`, `unit_flags3`, `dynamicflags`, `ScriptName`) VALUES (10538232, 55283, 870, 5785, 5935, 1, 0, 0, 0, -161.137, -2663.21, 1.23008, 6.02387, 120, 0, 0, 1, 0, 0, 3, 0, 0, 0, '');
DELETE FROM `creature_template` WHERE `entry`=55283;
INSERT INTO `creature_template` (`entry`, `gossip_menu_id`, `minlevel`, `maxlevel`, `SandboxScalingID`, `ScaleLevelMin`, `ScaleLevelMax`, `ScaleLevelDelta`, `ScaleLevelDuration`, `exp`, `faction`, `npcflag`, `npcflag2`, `speed_walk`, `speed_run`, `speed_fly`, `scale`, `mindmg`, `maxdmg`, `dmgschool`, `attackpower`, `dmg_multiplier`, `baseattacktime`, `rangeattacktime`, `unit_class`, `unit_flags`, `unit_flags2`, `unit_flags3`, `dynamicflags`, `trainer_type`, `trainer_spell`, `trainer_class`, `trainer_race`, `minrangedmg`, `maxrangedmg`, `rangedattackpower`, `lootid`, `pickpocketloot`, `skinloot`, `resistance1`, `resistance2`, `resistance3`, `resistance4`, `resistance5`, `resistance6`, `spell1`, `spell2`, `spell3`, `spell4`, `spell5`, `spell6`, `spell7`, `spell8`, `PetSpellDataId`, `VehicleId`, `mingold`, `maxgold`, `AIName`, `MovementType`, `InhabitType`, `HoverHeight`, `Mana_mod_extra`, `Armor_mod`, `RegenHealth`, `mechanic_immune_mask`, `flags_extra`, `ControllerID`, `WorldEffects`, `PassiveSpells`, `StateWorldEffectID`, `SpellStateVisualID`, `SpellStateAnimID`, `SpellStateAnimKitID`, `IgnoreLos`, `AffixState`, `MaxVisible`, `ScriptName`) VALUES (55283, 55283, 85, 85, 0, 0, 0, 0, 0, 4, 35, 3, 0, 1, 1.14286, 1.14286, 1, 500, 750, 0, 188, 1, 2000, 2000, 1, 32768, 2048, 0, 0, 0, 0, 0, 0, 400, 600, 150, 0, 0, 0, 0, 0, 0, 0, 0, 0, 0, 0, 0, 0, 0, 0, 0, 0, 0, 0, 0, 0, 'SmartAI', 0, 3, 1, 1, 1, 1, 0, 0, 0, '', '', 0, 0, 0, 0, 0, 0, 0, '');
DELETE FROM `smart_scripts` WHERE `entryorguid`=55283 AND `source_type`=0 AND `id`=0 AND `link`=0;
INSERT INTO `smart_scripts` (`entryorguid`, `source_type`, `id`, `link`, `event_type`, `event_phase_mask`, `event_chance`, `event_flags`, `event_param1`, `event_param2`, `event_param3`, `event_param4`, `event_param_string`, `action_type`, `action_param1`, `action_param2`, `action_param3`, `action_param4`, `action_param5`, `action_param6`, `target_type`, `target_param1`, `target_param2`, `target_param3`, `target_x`, `target_y`, `target_z`, `target_o`, `comment`) VALUES (55283, 0, 0, 0, 62, 0, 100, 0, 55283, 0, 0, 0, '', 33, 55408, 0, 0, 0, 0, 0, 7, 0, 0, 0, 0, 0, 0, 0, 'Orgus - On Gossip - Kill Credit');
